link1,link2,link3,link,label
https://github.com/olayafg/games/blob/main/Dixit/Expansions/Dixit_,86,.png?raw=true,https://github.com/olayafg/games/blob/main/Dixit/Expansions/Dixit_86.png?raw=true,Dixit_86
https://github.com/olayafg/games/blob/main/Dixit/Expansions/Dixit_,87,.png?raw=true,https://github.com/olayafg/games/blob/main/Dixit/Expansions/Dixit_87.png?raw=true,Dixit_87
https://github.com/olayafg/games/blob/main/Dixit/Expansions/Dixit_,88,.png?raw=true,https://github.com/olayafg/games/blob/main/Dixit/Expansions/Dixit_88.png?raw=true,Dixit_88
https://github.com/olayafg/games/blob/main/Dixit/Expansions/Dixit_,89,.png?raw=true,https://github.com/olayafg/games/blob/main/Dixit/Expansions/Dixit_89.png?raw=true,Dixit_89
https://github.com/olayafg/games/blob/main/Dixit/Expansions/Dixit_,90,.png?raw=true,https://github.com/olayafg/games/blob/main/Dixit/Expansions/Dixit_90.png?raw=true,Dixit_90
https://github.com/olayafg/games/blob/main/Dixit/Expansions/Dixit_,91,.png?raw=true,https://github.com/olayafg/games/blob/main/Dixit/Expansions/Dixit_91.png?raw=true,Dixit_91
https://github.com/olayafg/games/blob/main/Dixit/Expansions/Dixit_,92,.png?raw=true,https://github.com/olayafg/games/blob/main/Dixit/Expansions/Dixit_92.png?raw=true,Dixit_92
https://github.com/olayafg/games/blob/main/Dixit/Expansions/Dixit_,93,.png?raw=true,https://github.com/olayafg/games/blob/main/Dixit/Expansions/Dixit_93.png?raw=true,Dixit_93
https://github.com/olayafg/games/blob/main/Dixit/Expansions/Dixit_,94,.png?raw=true,https://github.com/olayafg/games/blob/main/Dixit/Expansions/Dixit_94.png?raw=true,Dixit_94
https://github.com/olayafg/games/blob/main/Dixit/Expansions/Dixit_,95,.png?raw=true,https://github.com/olayafg/games/blob/main/Dixit/Expansions/Dixit_95.png?raw=true,Dixit_95
https://github.com/olayafg/games/blob/main/Dixit/Expansions/Dixit_,96,.png?raw=true,https://github.com/olayafg/games/blob/main/Dixit/Expansions/Dixit_96.png?raw=true,Dixit_96
https://github.com/olayafg/games/blob/main/Dixit/Expansions/Dixit_,97,.png?raw=true,https://github.com/olayafg/games/blob/main/Dixit/Expansions/Dixit_97.png?raw=true,Dixit_97
https://github.com/olayafg/games/blob/main/Dixit/Expansions/Dixit_,98,.png?raw=true,https://github.com/olayafg/games/blob/main/Dixit/Expansions/Dixit_98.png?raw=true,Dixit_98
https://github.com/olayafg/games/blob/main/Dixit/Expansions/Dixit_,99,.png?raw=true,https://github.com/olayafg/games/blob/main/Dixit/Expansions/Dixit_99.png?raw=true,Dixit_99
https://github.com/olayafg/games/blob/main/Dixit/Expansions/Dixit_,100,.png?raw=true,https://github.com/olayafg/games/blob/main/Dixit/Expansions/Dixit_100.png?raw=true,Dixit_100
https://github.com/olayafg/games/blob/main/Dixit/Expansions/Dixit_,101,.png?raw=true,https://github.com/olayafg/games/blob/main/Dixit/Expansions/Dixit_101.png?raw=true,Dixit_101
https://github.com/olayafg/games/blob/main/Dixit/Expansions/Dixit_,102,.png?raw=true,https://github.com/olayafg/games/blob/main/Dixit/Expansions/Dixit_102.png?raw=true,Dixit_102
https://github.com/olayafg/games/blob/main/Dixit/Expansions/Dixit_,103,.png?raw=true,https://github.com/olayafg/games/blob/main/Dixit/Expansions/Dixit_103.png?raw=true,Dixit_103
https://github.com/olayafg/games/blob/main/Dixit/Expansions/Dixit_,104,.png?raw=true,https://github.com/olayafg/games/blob/main/Dixit/Expansions/Dixit_104.png?raw=true,Dixit_104
https://github.com/olayafg/games/blob/main/Dixit/Expansions/Dixit_,105,.png?raw=true,https://github.com/olayafg/games/blob/main/Dixit/Expansions/Dixit_105.png?raw=true,Dixit_105
https://github.com/olayafg/games/blob/main/Dixit/Expansions/Dixit_,106,.png?raw=true,https://github.com/olayafg/games/blob/main/Dixit/Expansions/Dixit_106.png?raw=true,Dixit_106
https://github.com/olayafg/games/blob/main/Dixit/Expansions/Dixit_,107,.png?raw=true,https://github.com/olayafg/games/blob/main/Dixit/Expansions/Dixit_107.png?raw=true,Dixit_107
https://github.com/olayafg/games/blob/main/Dixit/Expansions/Dixit_,108,.png?raw=true,https://github.com/olayafg/games/blob/main/Dixit/Expansions/Dixit_108.png?raw=true,Dixit_108
https://github.com/olayafg/games/blob/main/Dixit/Expansions/Dixit_,109,.png?raw=true,https://github.com/olayafg/games/blob/main/Dixit/Expansions/Dixit_109.png?raw=true,Dixit_109
https://github.com/olayafg/games/blob/main/Dixit/Expansions/Dixit_,110,.png?raw=true,https://github.com/olayafg/games/blob/main/Dixit/Expansions/Dixit_110.png?raw=true,Dixit_110
https://github.com/olayafg/games/blob/main/Dixit/Expansions/Dixit_,111,.png?raw=true,https://github.com/olayafg/games/blob/main/Dixit/Expansions/Dixit_111.png?raw=true,Dixit_111
https://github.com/olayafg/games/blob/main/Dixit/Expansions/Dixit_,112,.png?raw=true,https://github.com/olayafg/games/blob/main/Dixit/Expansions/Dixit_112.png?raw=true,Dixit_112
https://github.com/olayafg/games/blob/main/Dixit/Expansions/Dixit_,113,.png?raw=true,https://github.com/olayafg/games/blob/main/Dixit/Expansions/Dixit_113.png?raw=true,Dixit_113
https://github.com/olayafg/games/blob/main/Dixit/Expansions/Dixit_,114,.png?raw=true,https://github.com/olayafg/games/blob/main/Dixit/Expansions/Dixit_114.png?raw=true,Dixit_114
https://github.com/olayafg/games/blob/main/Dixit/Expansions/Dixit_,115,.png?raw=true,https://github.com/olayafg/games/blob/main/Dixit/Expansions/Dixit_115.png?raw=true,Dixit_115
https://github.com/olayafg/games/blob/main/Dixit/Expansions/Dixit_,116,.png?raw=true,https://github.com/olayafg/games/blob/main/Dixit/Expansions/Dixit_116.png?raw=true,Dixit_116
https://github.com/olayafg/games/blob/main/Dixit/Expansions/Dixit_,117,.png?raw=true,https://github.com/olayafg/games/blob/main/Dixit/Expansions/Dixit_117.png?raw=true,Dixit_117
https://github.com/olayafg/games/blob/main/Dixit/Expansions/Dixit_,118,.png?raw=true,https://github.com/olayafg/games/blob/main/Dixit/Expansions/Dixit_118.png?raw=true,Dixit_118
https://github.com/olayafg/games/blob/main/Dixit/Expansions/Dixit_,119,.png?raw=true,https://github.com/olayafg/games/blob/main/Dixit/Expansions/Dixit_119.png?raw=true,Dixit_119
https://github.com/olayafg/games/blob/main/Dixit/Expansions/Dixit_,120,.png?raw=true,https://github.com/olayafg/games/blob/main/Dixit/Expansions/Dixit_120.png?raw=true,Dixit_120
https://github.com/olayafg/games/blob/main/Dixit/Expansions/Dixit_,121,.png?raw=true,https://github.com/olayafg/games/blob/main/Dixit/Expansions/Dixit_121.png?raw=true,Dixit_121
https://github.com/olayafg/games/blob/main/Dixit/Expansions/Dixit_,122,.png?raw=true,https://github.com/olayafg/games/blob/main/Dixit/Expansions/Dixit_122.png?raw=true,Dixit_122
https://github.com/olayafg/games/blob/main/Dixit/Expansions/Dixit_,123,.png?raw=true,https://github.com/olayafg/games/blob/main/Dixit/Expansions/Dixit_123.png?raw=true,Dixit_123
https://github.com/olayafg/games/blob/main/Dixit/Expansions/Dixit_,124,.png?raw=true,https://github.com/olayafg/games/blob/main/Dixit/Expansions/Dixit_124.png?raw=true,Dixit_124
https://github.com/olayafg/games/blob/main/Dixit/Expansions/Dixit_,125,.png?raw=true,https://github.com/olayafg/games/blob/main/Dixit/Expansions/Dixit_125.png?raw=true,Dixit_125
https://github.com/olayafg/games/blob/main/Dixit/Expansions/Dixit_,126,.png?raw=true,https://github.com/olayafg/games/blob/main/Dixit/Expansions/Dixit_126.png?raw=true,Dixit_126
https://github.com/olayafg/games/blob/main/Dixit/Expansions/Dixit_,127,.png?raw=true,https://github.com/olayafg/games/blob/main/Dixit/Expansions/Dixit_127.png?raw=true,Dixit_127
https://github.com/olayafg/games/blob/main/Dixit/Expansions/Dixit_,128,.png?raw=true,https://github.com/olayafg/games/blob/main/Dixit/Expansions/Dixit_128.png?raw=true,Dixit_128
https://github.com/olayafg/games/blob/main/Dixit/Expansions/Dixit_,129,.png?raw=true,https://github.com/olayafg/games/blob/main/Dixit/Expansions/Dixit_129.png?raw=true,Dixit_129
https://github.com/olayafg/games/blob/main/Dixit/Expansions/Dixit_,130,.png?raw=true,https://github.com/olayafg/games/blob/main/Dixit/Expansions/Dixit_130.png?raw=true,Dixit_130
https://github.com/olayafg/games/blob/main/Dixit/Expansions/Dixit_,131,.png?raw=true,https://github.com/olayafg/games/blob/main/Dixit/Expansions/Dixit_131.png?raw=true,Dixit_131
https://github.com/olayafg/games/blob/main/Dixit/Expansions/Dixit_,132,.png?raw=true,https://github.com/olayafg/games/blob/main/Dixit/Expansions/Dixit_132.png?raw=true,Dixit_132
https://github.com/olayafg/games/blob/main/Dixit/Expansions/Dixit_,133,.png?raw=true,https://github.com/olayafg/games/blob/main/Dixit/Expansions/Dixit_133.png?raw=true,Dixit_133
https://github.com/olayafg/games/blob/main/Dixit/Expansions/Dixit_,134,.png?raw=true,https://github.com/olayafg/games/blob/main/Dixit/Expansions/Dixit_134.png?raw=true,Dixit_134
https://github.com/olayafg/games/blob/main/Dixit/Expansions/Dixit_,135,.png?raw=true,https://github.com/olayafg/games/blob/main/Dixit/Expansions/Dixit_135.png?raw=true,Dixit_135
https://github.com/olayafg/games/blob/main/Dixit/Expansions/Dixit_,136,.png?raw=true,https://github.com/olayafg/games/blob/main/Dixit/Expansions/Dixit_136.png?raw=true,Dixit_136
https://github.com/olayafg/games/blob/main/Dixit/Expansions/Dixit_,137,.png?raw=true,https://github.com/olayafg/games/blob/main/Dixit/Expansions/Dixit_137.png?raw=true,Dixit_137
https://github.com/olayafg/games/blob/main/Dixit/Expansions/Dixit_,138,.png?raw=true,https://github.com/olayafg/games/blob/main/Dixit/Expansions/Dixit_138.png?raw=true,Dixit_138
https://github.com/olayafg/games/blob/main/Dixit/Expansions/Dixit_,139,.png?raw=true,https://github.com/olayafg/games/blob/main/Dixit/Expansions/Dixit_139.png?raw=true,Dixit_139
https://github.com/olayafg/games/blob/main/Dixit/Expansions/Dixit_,140,.png?raw=true,https://github.com/olayafg/games/blob/main/Dixit/Expansions/Dixit_140.png?raw=true,Dixit_140
https://github.com/olayafg/games/blob/main/Dixit/Expansions/Dixit_,141,.png?raw=true,https://github.com/olayafg/games/blob/main/Dixit/Expansions/Dixit_141.png?raw=true,Dixit_141
https://github.com/olayafg/games/blob/main/Dixit/Expansions/Dixit_,142,.png?raw=true,https://github.com/olayafg/games/blob/main/Dixit/Expansions/Dixit_142.png?raw=true,Dixit_142
https://github.com/olayafg/games/blob/main/Dixit/Expansions/Dixit_,143,.png?raw=true,https://github.com/olayafg/games/blob/main/Dixit/Expansions/Dixit_143.png?raw=true,Dixit_143
https://github.com/olayafg/games/blob/main/Dixit/Expansions/Dixit_,144,.png?raw=true,https://github.com/olayafg/games/blob/main/Dixit/Expansions/Dixit_144.png?raw=true,Dixit_144
https://github.com/olayafg/games/blob/main/Dixit/Expansions/Dixit_,145,.png?raw=true,https://github.com/olayafg/games/blob/main/Dixit/Expansions/Dixit_145.png?raw=true,Dixit_145
https://github.com/olayafg/games/blob/main/Dixit/Expansions/Dixit_,146,.png?raw=true,https://github.com/olayafg/games/blob/main/Dixit/Expansions/Dixit_146.png?raw=true,Dixit_146
https://github.com/olayafg/games/blob/main/Dixit/Expansions/Dixit_,147,.png?raw=true,https://github.com/olayafg/games/blob/main/Dixit/Expansions/Dixit_147.png?raw=true,Dixit_147
https://github.com/olayafg/games/blob/main/Dixit/Expansions/Dixit_,148,.png?raw=true,https://github.com/olayafg/games/blob/main/Dixit/Expansions/Dixit_148.png?raw=true,Dixit_148
https://github.com/olayafg/games/blob/main/Dixit/Expansions/Dixit_,149,.png?raw=true,https://github.com/olayafg/games/blob/main/Dixit/Expansions/Dixit_149.png?raw=true,Dixit_149
https://github.com/olayafg/games/blob/main/Dixit/Expansions/Dixit_,150,.png?raw=true,https://github.com/olayafg/games/blob/main/Dixit/Expansions/Dixit_150.png?raw=true,Dixit_150
https://github.com/olayafg/games/blob/main/Dixit/Expansions/Dixit_,151,.png?raw=true,https://github.com/olayafg/games/blob/main/Dixit/Expansions/Dixit_151.png?raw=true,Dixit_151
https://github.com/olayafg/games/blob/main/Dixit/Expansions/Dixit_,152,.png?raw=true,https://github.com/olayafg/games/blob/main/Dixit/Expansions/Dixit_152.png?raw=true,Dixit_152
https://github.com/olayafg/games/blob/main/Dixit/Expansions/Dixit_,153,.png?raw=true,https://github.com/olayafg/games/blob/main/Dixit/Expansions/Dixit_153.png?raw=true,Dixit_153
https://github.com/olayafg/games/blob/main/Dixit/Expansions/Dixit_,154,.png?raw=true,https://github.com/olayafg/games/blob/main/Dixit/Expansions/Dixit_154.png?raw=true,Dixit_154
https://github.com/olayafg/games/blob/main/Dixit/Expansions/Dixit_,155,.png?raw=true,https://github.com/olayafg/games/blob/main/Dixit/Expansions/Dixit_155.png?raw=true,Dixit_155
https://github.com/olayafg/games/blob/main/Dixit/Expansions/Dixit_,156,.png?raw=true,https://github.com/olayafg/games/blob/main/Dixit/Expansions/Dixit_156.png?raw=true,Dixit_156
https://github.com/olayafg/games/blob/main/Dixit/Expansions/Dixit_,157,.png?raw=true,https://github.com/olayafg/games/blob/main/Dixit/Expansions/Dixit_157.png?raw=true,Dixit_157
https://github.com/olayafg/games/blob/main/Dixit/Expansions/Dixit_,158,.png?raw=true,https://github.com/olayafg/games/blob/main/Dixit/Expansions/Dixit_158.png?raw=true,Dixit_158
https://github.com/olayafg/games/blob/main/Dixit/Expansions/Dixit_,159,.png?raw=true,https://github.com/olayafg/games/blob/main/Dixit/Expansions/Dixit_159.png?raw=true,Dixit_159
,,,,
,,,,
,,,,
,,,,
,,,,
,,,,
,,,,
,,,,
,,,,
,,,,
,,,,
,,,,
,,,,
,,,,
,,,,
,,,,
,,,,
,,,,
,,,,
,,,,
,,,,
,,,,
,,,,
,,,,
,,,,
,,,,
,,,,
,,,,
,,,,
,,,,
,,,,
,,,,
,,,,
,,,,
,,,,
,,,,
,,,,
,,,,
,,,,
,,,,
,,,,
,,,,
,,,,
,,,,
,,,,
,,,,
,,,,
,,,,
,,,,
,,,,
,,,,